{
  "Total" : {
    "transaction" : "Total",
    "sampleCount" : 100000,
    "errorCount" : 0,
    "errorPct" : 0.0,
    "meanResTime" : 358.8342199999999,
    "medianResTime" : 297.0,
    "minResTime" : 110.0,
    "maxResTime" : 1406.0,
    "pct1ResTime" : 332.0,
    "pct2ResTime" : 341.0,
    "pct3ResTime" : 354.0,
    "throughput" : 1368.681822536715,
    "receivedKBytesPerSec" : 3349.5279758564525,
    "sentKBytesPerSec" : 303.4089587068694
  },
  "HTTP Request" : {
    "transaction" : "HTTP Request",
    "sampleCount" : 100000,
    "errorCount" : 0,
    "errorPct" : 0.0,
    "meanResTime" : 358.8342199999999,
    "medianResTime" : 297.0,
    "minResTime" : 110.0,
    "maxResTime" : 1406.0,
    "pct1ResTime" : 332.0,
    "pct2ResTime" : 341.0,
    "pct3ResTime" : 354.0,
    "throughput" : 1368.681822536715,
    "receivedKBytesPerSec" : 3349.5279758564525,
    "sentKBytesPerSec" : 303.4089587068694
  }
}