{
  "Total" : {
    "transaction" : "Total",
    "sampleCount" : 20000,
    "errorCount" : 0,
    "errorPct" : 0.0,
    "meanResTime" : 130.7129999999989,
    "medianResTime" : 114.0,
    "minResTime" : 17.0,
    "maxResTime" : 324.0,
    "pct1ResTime" : 191.0,
    "pct2ResTime" : 226.0,
    "pct3ResTime" : 300.0,
    "throughput" : 746.881768616028,
    "receivedKBytesPerSec" : 27.716315632235418,
    "sentKBytesPerSec" : 181.6148050638584
  },
  "HTTP Request" : {
    "transaction" : "HTTP Request",
    "sampleCount" : 20000,
    "errorCount" : 0,
    "errorPct" : 0.0,
    "meanResTime" : 130.7129999999989,
    "medianResTime" : 114.0,
    "minResTime" : 17.0,
    "maxResTime" : 324.0,
    "pct1ResTime" : 191.0,
    "pct2ResTime" : 226.0,
    "pct3ResTime" : 300.0,
    "throughput" : 746.881768616028,
    "receivedKBytesPerSec" : 27.716315632235418,
    "sentKBytesPerSec" : 181.6148050638584
  }
}