{
  "Total" : {
    "transaction" : "Total",
    "sampleCount" : 100000,
    "errorCount" : 0,
    "errorPct" : 0.0,
    "meanResTime" : 4075.4481699999274,
    "medianResTime" : 1139.0,
    "minResTime" : 38.0,
    "maxResTime" : 33953.0,
    "pct1ResTime" : 1484.0,
    "pct2ResTime" : 1536.0,
    "pct3ResTime" : 1628.0,
    "throughput" : 122.53520436421384,
    "receivedKBytesPerSec" : 4.547204849453248,
    "sentKBytesPerSec" : 29.796158092469966
  },
  "HTTP Request" : {
    "transaction" : "HTTP Request",
    "sampleCount" : 100000,
    "errorCount" : 0,
    "errorPct" : 0.0,
    "meanResTime" : 4075.4481699999274,
    "medianResTime" : 1139.0,
    "minResTime" : 38.0,
    "maxResTime" : 33953.0,
    "pct1ResTime" : 1484.0,
    "pct2ResTime" : 1536.0,
    "pct3ResTime" : 1628.0,
    "throughput" : 122.53520436421384,
    "receivedKBytesPerSec" : 4.547204849453248,
    "sentKBytesPerSec" : 29.796158092469966
  }
}