{
  "Total" : {
    "transaction" : "Total",
    "sampleCount" : 100000,
    "errorCount" : 0,
    "errorPct" : 0.0,
    "meanResTime" : 370.08751000000495,
    "medianResTime" : 382.0,
    "minResTime" : 16.0,
    "maxResTime" : 527.0,
    "pct1ResTime" : 407.0,
    "pct2ResTime" : 424.0,
    "pct3ResTime" : 445.0,
    "throughput" : 1326.9286908521535,
    "receivedKBytesPerSec" : 49.24149438709164,
    "sentKBytesPerSec" : 380.97366710013006
  },
  "HTTP Request" : {
    "transaction" : "HTTP Request",
    "sampleCount" : 100000,
    "errorCount" : 0,
    "errorPct" : 0.0,
    "meanResTime" : 370.08751000000495,
    "medianResTime" : 382.0,
    "minResTime" : 16.0,
    "maxResTime" : 527.0,
    "pct1ResTime" : 407.0,
    "pct2ResTime" : 424.0,
    "pct3ResTime" : 445.0,
    "throughput" : 1326.9286908521535,
    "receivedKBytesPerSec" : 49.24149438709164,
    "sentKBytesPerSec" : 380.97366710013006
  }
}