{
  "Total" : {
    "transaction" : "Total",
    "sampleCount" : 200000,
    "errorCount" : 0,
    "errorPct" : 0.0,
    "meanResTime" : 85461.59831999973,
    "medianResTime" : 91494.5,
    "minResTime" : 44660.0,
    "maxResTime" : 103462.0,
    "pct1ResTime" : 94607.9,
    "pct2ResTime" : 95915.8,
    "pct3ResTime" : 99969.98000000001,
    "throughput" : 11.69609863179623,
    "receivedKBytesPerSec" : 27789.519158180316,
    "sentKBytesPerSec" : 2.170174550821566
  },
  "HTTP Request" : {
    "transaction" : "HTTP Request",
    "sampleCount" : 200000,
    "errorCount" : 0,
    "errorPct" : 0.0,
    "meanResTime" : 85461.59831999973,
    "medianResTime" : 91494.5,
    "minResTime" : 44660.0,
    "maxResTime" : 103462.0,
    "pct1ResTime" : 94607.9,
    "pct2ResTime" : 95915.8,
    "pct3ResTime" : 99969.98000000001,
    "throughput" : 11.69609863179623,
    "receivedKBytesPerSec" : 27789.519158180316,
    "sentKBytesPerSec" : 2.170174550821566
  }
}