{
  "Total" : {
    "transaction" : "Total",
    "sampleCount" : 20000,
    "errorCount" : 0,
    "errorPct" : 0.0,
    "meanResTime" : 246.5365499999997,
    "medianResTime" : 232.0,
    "minResTime" : 28.0,
    "maxResTime" : 840.0,
    "pct1ResTime" : 309.0,
    "pct2ResTime" : 350.0,
    "pct3ResTime" : 551.0,
    "throughput" : 401.5016160440046,
    "receivedKBytesPerSec" : 982.7554663817677,
    "sentKBytesPerSec" : 2199.4151485932384
  },
  "HTTP Request" : {
    "transaction" : "HTTP Request",
    "sampleCount" : 20000,
    "errorCount" : 0,
    "errorPct" : 0.0,
    "meanResTime" : 246.5365499999997,
    "medianResTime" : 232.0,
    "minResTime" : 28.0,
    "maxResTime" : 840.0,
    "pct1ResTime" : 309.0,
    "pct2ResTime" : 350.0,
    "pct3ResTime" : 551.0,
    "throughput" : 401.5016160440046,
    "receivedKBytesPerSec" : 982.7554663817677,
    "sentKBytesPerSec" : 2199.4151485932384
  }
}