{
  "Total" : {
    "transaction" : "Total",
    "sampleCount" : 20000,
    "errorCount" : 0,
    "errorPct" : 0.0,
    "meanResTime" : 27643.77370000003,
    "medianResTime" : 27365.0,
    "minResTime" : 2207.0,
    "maxResTime" : 31965.0,
    "pct1ResTime" : 29271.0,
    "pct2ResTime" : 29519.0,
    "pct3ResTime" : 29915.0,
    "throughput" : 3.6067567538323595,
    "receivedKBytesPerSec" : 8569.52724706356,
    "sentKBytesPerSec" : 0.6692224445587386
  },
  "HTTP Request" : {
    "transaction" : "HTTP Request",
    "sampleCount" : 20000,
    "errorCount" : 0,
    "errorPct" : 0.0,
    "meanResTime" : 27643.77370000003,
    "medianResTime" : 27365.0,
    "minResTime" : 2207.0,
    "maxResTime" : 31965.0,
    "pct1ResTime" : 29271.0,
    "pct2ResTime" : 29519.0,
    "pct3ResTime" : 29915.0,
    "throughput" : 3.6067567538323595,
    "receivedKBytesPerSec" : 8569.52724706356,
    "sentKBytesPerSec" : 0.6692224445587386
  }
}