{
  "Total" : {
    "transaction" : "Total",
    "sampleCount" : 100000,
    "errorCount" : 61713,
    "errorPct" : 61.713,
    "meanResTime" : 135099.78977000358,
    "medianResTime" : 126584.0,
    "minResTime" : 2140.0,
    "maxResTime" : 190908.0,
    "pct1ResTime" : 128569.0,
    "pct2ResTime" : 133584.7,
    "pct3ResTime" : 144882.93000000002,
    "throughput" : 3.6782241004378813,
    "receivedKBytesPerSec" : 4.61558948318303,
    "sentKBytesPerSec" : 20.150809313154454
  },
  "HTTP Request" : {
    "transaction" : "HTTP Request",
    "sampleCount" : 100000,
    "errorCount" : 61713,
    "errorPct" : 61.713,
    "meanResTime" : 135099.78977000358,
    "medianResTime" : 126584.0,
    "minResTime" : 2140.0,
    "maxResTime" : 190908.0,
    "pct1ResTime" : 128569.0,
    "pct2ResTime" : 133584.7,
    "pct3ResTime" : 144882.93000000002,
    "throughput" : 3.6782241004378813,
    "receivedKBytesPerSec" : 4.61558948318303,
    "sentKBytesPerSec" : 20.150809313154454
  }
}