{
  "Total" : {
    "transaction" : "Total",
    "sampleCount" : 20000,
    "errorCount" : 0,
    "errorPct" : 0.0,
    "meanResTime" : 48.45449999999976,
    "medianResTime" : 46.0,
    "minResTime" : 1.0,
    "maxResTime" : 267.0,
    "pct1ResTime" : 67.0,
    "pct2ResTime" : 78.0,
    "pct3ResTime" : 105.0,
    "throughput" : 1928.2684149633628,
    "receivedKBytesPerSec" : 71.55683571153105,
    "sentKBytesPerSec" : 553.6239394523718
  },
  "HTTP Request" : {
    "transaction" : "HTTP Request",
    "sampleCount" : 20000,
    "errorCount" : 0,
    "errorPct" : 0.0,
    "meanResTime" : 48.45449999999976,
    "medianResTime" : 46.0,
    "minResTime" : 1.0,
    "maxResTime" : 267.0,
    "pct1ResTime" : 67.0,
    "pct2ResTime" : 78.0,
    "pct3ResTime" : 105.0,
    "throughput" : 1928.2684149633628,
    "receivedKBytesPerSec" : 71.55683571153105,
    "sentKBytesPerSec" : 553.6239394523718
  }
}