{
  "Total" : {
    "transaction" : "Total",
    "sampleCount" : 20000,
    "errorCount" : 0,
    "errorPct" : 0.0,
    "meanResTime" : 1107.3178999999936,
    "medianResTime" : 952.0,
    "minResTime" : 14.0,
    "maxResTime" : 9707.0,
    "pct1ResTime" : 1445.9000000000015,
    "pct2ResTime" : 1856.9500000000007,
    "pct3ResTime" : 4408.0,
    "throughput" : 89.8593700858157,
    "receivedKBytesPerSec" : 219.94877138372198,
    "sentKBytesPerSec" : 492.2472336652514
  },
  "HTTP Request" : {
    "transaction" : "HTTP Request",
    "sampleCount" : 20000,
    "errorCount" : 0,
    "errorPct" : 0.0,
    "meanResTime" : 1107.3178999999936,
    "medianResTime" : 952.0,
    "minResTime" : 14.0,
    "maxResTime" : 9707.0,
    "pct1ResTime" : 1445.9000000000015,
    "pct2ResTime" : 1856.9500000000007,
    "pct3ResTime" : 4408.0,
    "throughput" : 89.8593700858157,
    "receivedKBytesPerSec" : 219.94877138372198,
    "sentKBytesPerSec" : 492.2472336652514
  }
}