{
  "Total" : {
    "transaction" : "Total",
    "sampleCount" : 62734,
    "errorCount" : 2,
    "errorPct" : 0.0031880639,
    "meanResTime" : 95542.85883253212,
    "medianResTime" : 93874.0,
    "minResTime" : 1662.0,
    "maxResTime" : 327822.0,
    "pct1ResTime" : 95768.0,
    "pct2ResTime" : 96252.95,
    "pct3ResTime" : 97663.91000000002,
    "throughput" : 3.275418048632132,
    "receivedKBytesPerSec" : 7782.030142959188,
    "sentKBytesPerSec" : 0.6077242079885762
  },
  "HTTP Request" : {
    "transaction" : "HTTP Request",
    "sampleCount" : 62734,
    "errorCount" : 2,
    "errorPct" : 0.0031880639,
    "meanResTime" : 95542.85883253212,
    "medianResTime" : 93874.0,
    "minResTime" : 1662.0,
    "maxResTime" : 327822.0,
    "pct1ResTime" : 95768.0,
    "pct2ResTime" : 96252.95,
    "pct3ResTime" : 97663.91000000002,
    "throughput" : 3.275418048632132,
    "receivedKBytesPerSec" : 7782.030142959188,
    "sentKBytesPerSec" : 0.6077242079885762
  }
}