{
  "Total" : {
    "transaction" : "Total",
    "sampleCount" : 200000,
    "errorCount" : 0,
    "errorPct" : 0.0,
    "meanResTime" : 1611.3331550000055,
    "medianResTime" : 1106.0,
    "minResTime" : 623.0,
    "maxResTime" : 9563.0,
    "pct1ResTime" : 1868.800000000003,
    "pct2ResTime" : 2228.9000000000015,
    "pct3ResTime" : 3095.0,
    "throughput" : 613.3915646392031,
    "receivedKBytesPerSec" : 22.76257759403293,
    "sentKBytesPerSec" : 149.1547847609
  },
  "HTTP Request" : {
    "transaction" : "HTTP Request",
    "sampleCount" : 200000,
    "errorCount" : 0,
    "errorPct" : 0.0,
    "meanResTime" : 1611.3331550000055,
    "medianResTime" : 1106.0,
    "minResTime" : 623.0,
    "maxResTime" : 9563.0,
    "pct1ResTime" : 1868.800000000003,
    "pct2ResTime" : 2228.9000000000015,
    "pct3ResTime" : 3095.0,
    "throughput" : 613.3915646392031,
    "receivedKBytesPerSec" : 22.76257759403293,
    "sentKBytesPerSec" : 149.1547847609
  }
}