{
  "Total" : {
    "transaction" : "Total",
    "sampleCount" : 200000,
    "errorCount" : 0,
    "errorPct" : 0.0,
    "meanResTime" : 325.31400500000336,
    "medianResTime" : 309.0,
    "minResTime" : 2.0,
    "maxResTime" : 1690.0,
    "pct1ResTime" : 368.0,
    "pct2ResTime" : 381.0,
    "pct3ResTime" : 401.0,
    "throughput" : 2940.830490530526,
    "receivedKBytesPerSec" : 7196.993368427245,
    "sentKBytesPerSec" : 651.9223841312787
  },
  "HTTP Request" : {
    "transaction" : "HTTP Request",
    "sampleCount" : 200000,
    "errorCount" : 0,
    "errorPct" : 0.0,
    "meanResTime" : 325.31400500000336,
    "medianResTime" : 309.0,
    "minResTime" : 2.0,
    "maxResTime" : 1690.0,
    "pct1ResTime" : 368.0,
    "pct2ResTime" : 381.0,
    "pct3ResTime" : 401.0,
    "throughput" : 2940.830490530526,
    "receivedKBytesPerSec" : 7196.993368427245,
    "sentKBytesPerSec" : 651.9223841312787
  }
}