{
  "Total" : {
    "transaction" : "Total",
    "sampleCount" : 200000,
    "errorCount" : 0,
    "errorPct" : 0.0,
    "meanResTime" : 6977.496244999988,
    "medianResTime" : 6533.0,
    "minResTime" : 400.0,
    "maxResTime" : 9525.0,
    "pct1ResTime" : 6908.9000000000015,
    "pct2ResTime" : 7151.9000000000015,
    "pct3ResTime" : 7670.0,
    "throughput" : 142.79176462776687,
    "receivedKBytesPerSec" : 349.44937710662475,
    "sentKBytesPerSec" : 796.3708669816176
  },
  "HTTP Request" : {
    "transaction" : "HTTP Request",
    "sampleCount" : 200000,
    "errorCount" : 0,
    "errorPct" : 0.0,
    "meanResTime" : 6977.496244999988,
    "medianResTime" : 6533.0,
    "minResTime" : 400.0,
    "maxResTime" : 9525.0,
    "pct1ResTime" : 6908.9000000000015,
    "pct2ResTime" : 7151.9000000000015,
    "pct3ResTime" : 7670.0,
    "throughput" : 142.79176462776687,
    "receivedKBytesPerSec" : 349.44937710662475,
    "sentKBytesPerSec" : 796.3708669816176
  }
}